,Symbols
0,ZTS
1,ZION
2,ZBRA
3,ZBH
4,YUM
5,XYL
6,XRAY
7,XOM
8,XEL
9,WYNN
10,WY
11,WTW
12,WST
13,WRK
14,WRB
15,WMT
16,WMB
17,WM
18,WHR
19,WFC
20,WELL
21,WEIYN
22,WEC
23,WDC
24,WBD
25,WBA
26,WAT
27,WAB
28,VZ
29,VTRS
30,VTR
31,VRTX
32,VRSN
33,VRSK
34,VNT
35,VMC
36,VLO
37,VICI
38,VFC
39,VB
40,URI
41,UPS
42,UNP
43,UNH
44,ULTA
45,UHS
46,UDR
47,UAL
48,TYL
49,TXT
50,TXN
51,TTWO
52,TT
53,TSN
54,TSLA
55,TSCO
56,TRV
57,TROW
58,TRMB
59,TRGP
60,TPR
61,TMUS
62,TMO
63,TJX
64,TGT
65,TFX
66,TFC
67,TER
68,TEL
69,TECH
70,TDY
71,TDG
72,TAP
73,T
74,SYY
75,SYK
76,SYF
77,SWKS
78,SWK
79,STZ
80,STX
81,STT
82,STLD
83,STE
84,SRE
85,SPGI
86,SPG
87,SO
88,SNPS
89,SNA
90,SLB
91,SJM
92,SIVB
93,SHW
94,SEE
95,SEDG
96,SCHW
97,SBUX
98,SBNY
99,SBAC
100,RTX
101,RSG
102,ROST
103,ROP
104,ROL
105,ROK
106,RMD
107,RL
108,RJF
109,RHI
110,RF
111,REGN
112,REG
113,RE
114,RCL
115,QRVO
116,QCOM
117,PYPL
118,PXD
119,PWR
120,PTC
121,PSX
122,PSA
123,PRU
124,PPL
125,PPG
126,POOL
127,PNW
128,PNR
129,PNC
130,PM
131,PLD
132,PKI
133,PKG
134,PHM
135,PH
136,PGR
137,PG
138,PFG
139,PFE
140,PEP
141,PEG
142,PEAK
143,PCG
144,PCAR
145,PAYX
146,PAYC
147,PARA
148,OXY
149,OTIS
150,ORLY
151,ORCL
152,ON
153,OMC
154,OKE
155,OGN
156,ODFL
157,O
158,NXPI
159,NWSA
160,NWS
161,NWL
162,NVR
163,NVDA
164,NUE
165,NTRS
166,NTAP
167,NSC
168,NRG
169,NOW
170,NOC
171,NKE
172,NI
173,NFLX
174,NEM
175,NEE
176,NDSN
177,NDAQ
178,NCLH
179,MU
180,MTD
181,MTCH
182,MTB
183,MSI
184,MSFT
185,MSCI
186,MS
187,MRO
188,MRNA
189,MRK
190,MPWR
191,MPC
192,MOS
193,MOH
194,MO
195,MNST
196,MMM
197,MMC
198,MLM
199,MKTX
200,MKC
201,MHK
202,MGM
203,META
204,MET
205,MDT
206,MDLZ
207,MCO
208,MCK
209,MCHP
210,MCD
211,MAS
212,MAR
213,MAA
214,MA
215,LYV
216,LYB
217,LW
218,LVS
219,LUV
220,LUMN
221,LRCX
222,LOW
223,LNT
224,LNC
225,LMT
226,LLY
227,LKQ
228,LIN
229,LHX
230,LH
231,LEN
232,LDOS
233,L
234,KR
235,KO
236,KMX
237,KMI
238,KMB
239,KLAC
240,KIM
241,KHC
242,KEYS
243,KEY
244,KDP
245,K
246,JPM
247,JNPR
248,JNJ
249,JKHY
250,JCI
251,JBHT
252,J
253,IVZ
254,ITW
255,IT
256,ISRG
257,IRM
258,IR
259,IQV
260,IPG
261,IP
262,INVH
263,INTU
264,INTC
265,INCY
266,ILMN
267,IFF
268,IEX
269,IDXX
270,ICE
271,IBM
272,HWM
273,HUM
274,HSY
275,HST
276,HSIC
277,HRL
278,HPQ
279,HPE
280,HON
281,HOLX
282,HLT
283,HII
284,HIG
285,HES
286,HD
287,HCA
288,HBAN
289,HAS
290,HAL
291,GWW
292,GS
293,GRMN
294,GPN
295,GPC
296,GOOGL
297,GOOG
298,GNRC
299,GM
300,GLW
301,GL
302,GIS
303,GILD
304,GEN
305,GEHC
306,GE
307,GD
308,FTV
309,FTNT
310,FSLR
311,FRT
312,FRC
313,FOXA
314,FOX
315,FMC
316,FLT
317,FITB
318,FISV
319,FIS
320,FFIV
321,FE
322,FDX
323,FDS
324,FCX
325,FAST
326,FANG
327,F
328,EXR
329,EXPE
330,EXPD
331,EXC
332,EW
333,EVRG
334,ETSY
335,ETR
336,ETN
337,ESS
338,ES
339,EQT
340,EQR
341,EQIX
342,EPAM
343,EOG
344,ENPH
345,EMR
346,EMN
347,ELV
348,EL
349,EIX
350,EFX
351,ED
352,ECL
353,EBAY
354,EA
355,DXCM
356,DXC
357,DVN
358,DVA
359,DUK
360,DTE
361,DRI
362,DPZ
363,DOW
364,DOV
365,DLTR
366,DLR
367,DISH
368,DIS
369,DHR
370,DHI
371,DGX
372,DG
373,DFS
374,DE
375,DD
376,DAL
377,D
378,CZR
379,CVX
380,CVS
381,CTVA
382,CTSH
383,CTRA
384,CTLT
385,CTAS
386,CSX
387,CSGP
388,CSCO
389,CRM
390,CRL
391,CPT
392,CPRT
393,CPB
394,COST
395,COP
396,COO
397,COF
398,CNP
399,CNC
400,CMS
401,CMI
402,CMG
403,CME
404,CMCSA
405,CMA
406,CLX
407,CL
408,CINF
409,CI
410,CHTR
411,CHRW
412,CHD
413,CFG
414,CF
415,CEG
416,CE
417,CDW
418,CDNS
419,CDAY
420,CCL
421,CCI
422,CBRE
423,CBOE
424,CB
425,CAT
426,CARR
427,CAH
428,CAG
429,C
430,BXP
431,BWA
432,BSX
433,BRO
435,BR
436,BMY
437,BLK
438,BKR
439,BKNG
440,BK
441,BIO
442,BIIB
444,BEN
445,BDX
446,BBY
447,BBWI
448,BAX
449,BALL
450,BAC
451,BA
452,AZO
453,AXP
454,AWK
455,AVY
456,AVGO
457,AVB
458,ATVI
459,ATO
460,ARE
461,APTV
462,APH
463,APD
464,APA
465,AOS
466,AON
467,ANSS
468,ANET
469,AMZN
470,AMT
471,AMP
472,AMGN
473,AMD
474,AMCR
475,AMAT
476,ALLE
477,ALL
478,ALK
479,ALGN
480,ALB
481,AKAM
482,AJG
483,AIZ
484,AIG
485,AFL
486,AES
487,AEP
488,AEE
489,ADSK
490,ADP
491,ADM
492,ADI
493,ADBE
494,ACN
495,ACGL
496,ABT
497,ABC
498,ABBV
499,AAPL
500,AAP
501,AAL
502,A
504,ZYXI
505,ZYNE
506,ZVIA
507,ZUMZ
508,ZIVO
509,ZIMV
510,ZEV
511,ZEUS
512,ZEST
513,ZDGE
514,YORW
515,YMAB
516,YEXT
517,YELL
518,XXII
519,XWEL
520,XTSLA
521,XPOF
522,XOS
523,XOMA
524,XLO
525,XGN
526,XFOR
527,XERS
528,XBIT
529,XAIR
530,WYY
531,WWR
532,WW
533,WVVI
534,WVE
535,WULF
536,WTTR
537,WTT
538,WTI
539,WTBA
540,WSR
541,WSBF
542,WRLD
543,WRAP
544,WNEB
545,WNC
546,WMPN
547,WMC
548,WLMS
549,WLFC
550,WLDN
551,WKHS
552,WISH
553,WINA
554,WHG
555,WGS
556,WFCF
557,WEYS
558,WEJO
559,WEAV
560,WAVD
561,WATT
562,WASH
563,VYGR
564,VXRT
565,VWE
566,VVX
567,VVOS
568,VVI
569,VUZI
570,VTYX
571,VTSI
572,VTOL
573,VTNR
574,VTLE
575,VTGN
576,VSTM
577,VSEC
578,VRM
579,VRDN
580,VRCA
581,VRAY
582,VRAR
583,VRA
584,VPG
585,VOXX
586,VOR
587,VNRX
588,VNDA
589,VNCE
590,VMD
591,VLTA
592,VLGEA
593,VLDR
594,VLD
595,VLCN
596,VKTX
597,VIVO
598,VITL
599,VIRX
600,VIRI
601,VIRC
602,VINE
603,VINC
604,VIGL
605,VIEW
606,VIA
607,VHI
608,VHC
609,VERY
610,VERV
611,VERU
612,VERO
613,VERI
614,VERA
615,VEL
616,VCNX
617,VBIV
618,VBFC
619,VATE
620,VAPO
621,VANI
622,VALU
623,VABK
624,UVSP
625,UVE
626,UTRS
627,UTMD
628,UTL
629,UTIXLMIOEGD
630,URGN
631,URE
632,UPXI
633,UPLD
634,UP
635,UONEK
636,UONE
637,UNTY
638,UNB
639,UMH
640,ULH
641,ULBI
642,UIS
643,UIHC
644,UHT
645,UGRO
646,UG
647,UFPT
648,UFI
649,UFCS
650,UEIC
651,UEC
652,UBX
653,UBFO
654,UBCP
655,UBA
656,TZOO
657,TYRA
658,TYDE
659,TWIN
660,TWI
661,TUSK
662,TUP
663,TTSH
664,TTI
665,TTCF
666,TSVT
667,TSQ
668,TSHA
669,TSBK
670,TRVI
671,TRST
672,TRNS
673,TRHC
674,TRDA
675,TRC
676,TPIC
677,TPHS
678,TPC
679,TPB
680,TOI
681,TNYA
682,TNON
683,TNK
684,TNGX
685,TMST
686,TMDX
687,TLYS
688,TLS
689,TKNO
690,TK
691,TITN
692,TISI
693,TIPT
694,TILE
695,TIG
696,THRY
697,THRX
698,THRN
699,THRD
700,THR
701,THFF
702,TH
703,TGL
704,TGAN
705,TG
706,TFFP
707,TESS
708,TERN
709,TELA
710,TDW
711,TDUP
712,TCX
713,TCS
714,TCRX
715,TCRR
716,TCON
717,TCMD
718,TCI
719,TCFC
720,TCBX
721,TCBS
722,TCBC
723,TBPH
724,TBNK
725,TBIO
726,TBBK
727,TAST
728,TARS
729,TARA
730,TALS
731,TALK
732,TACT
733,TA
734,SYRS
735,SYPR
736,SYBX
737,SXC
738,SWKH
739,SWBI
740,SWAG
741,SVRA
742,SURG
743,SURF
744,SUP
745,SUNW
746,SUNL
747,STXS
748,STTK
749,STSA
750,STRT
751,STRS
752,STRO
753,STRM
754,STRL
755,STRC
756,STR
757,STOK
758,STKS
759,STIM
760,STEL
761,STCN
762,SSTI
763,SSKN
764,SSBK
765,SSBI
766,SRZN
767,SRTS
768,SRT
769,SRRK
770,SRNE
771,SRI
772,SRDX
773,SRAX
774,SQZ
775,SQFT
776,SPWH
777,SPTN
778,SPRY
779,SPRU
780,SPRO
781,SPRB
782,SPOK
783,SPIR
784,SPFI
785,SP
786,SOY
787,SOTK
788,SOPA
789,SONX
790,SOND
791,SOI
792,SOHO
793,SNSE
794,SNPX
795,SNFCA
796,SNDX
797,SNDA
798,SND
799,SNCR
800,SNCE
801,SMTI
802,SMSI
803,SMRT
804,SMMT
805,SMMF
806,SMLR
807,SMID
808,SMHI
809,SMBK
810,SMBC
811,SLS
812,SLQT
813,SLP
814,SLNH
815,SLNG
816,SLGG
817,SKYT
818,SKIL
819,SIGA
820,SIEN
821,SIEB
822,SIBN
823,SHYF
824,SHPW
825,SHCR
826,SHBI
827,SGTX
828,SGMO
829,SGMA
830,SGHT
831,SGH
832,SGC
833,SGA
834,SFT
835,SFST
836,SFE
837,SFBC
838,SERA
839,SENS
840,SENEA
841,SELF
842,SEER
843,SEAC
844,SDPI
845,SDIG
846,SD
847,SCYX
848,SCX
849,SCVL
850,SCU
851,SCTL
852,SCSC
853,SCPH
854,SCOR
855,SCHN
856,SBT
857,SBOW
858,SBFG
859,SBEV
860,SB
861,SANW
862,SAMG
863,SALM
864,SAL
865,SAI
866,SACH
867,SABS
868,RZLT
869,RYTM
870,RYI
871,RYAM
872,RXST
873,RXDX
874,RWLK
875,RVYL
876,RVSB
877,RVP
878,RVLP
879,RUTH
880,RUBY
881,RSVR
882,RSSS
883,RRGB
884,RRBI
885,RPID
886,RPHM
887,ROVR
888,ROOT
889,RNGR
890,RNAZ
891,RNA
892,RMNI
893,RMCF
894,RMBL
895,RMBI
896,RMAX
897,RM
898,RLYB
899,RLMD
900,RLGT
901,RKLYQ
902,RIGL
903,RIDE
904,RICK
905,RGTI
906,RGS
907,RGP
908,RGF
909,RGCO
910,RFL
911,RFIL
912,REX
913,REVG
914,REPX
915,REPL
916,RENT
917,RELL
918,REKR
919,REI
920,REFR
921,REFI
922,REAL
923,RDW
924,RDVT
925,RDNT
926,RDI
927,RCMT
928,RCKY
929,RCKT
930,RCEL
931,RCAT
932,RBOT
933,RBKB
934,RBCAA
935,RBBN
936,RBB
937,RAPT
938,RAIN
939,RAIL
940,RAD
941,QUOT
942,QUIK
943,QUBT
944,QUAD
945,QTEK
946,QSI
947,QRHC
948,QNST
949,QNCX
950,QMCO
951,QIPT
952,QCRH
953,PYXS
954,PXLW
955,PWP
956,PWOD
957,PWFL
958,PW
959,PVBC
960,PTSI
961,PTRS
962,PTGX
963,PSTX
964,PSTL
965,PSNL
966,PRVB
967,PRTS
968,PRTK
969,PRTH
970,PRTG
971,PRTA
972,PRSO
973,PRPL
974,PRPH
975,PROV
976,PRLD
977,PRDS
978,PRDO
979,PRCH
980,PRAX
981,PPTA
982,PPSI
983,PPIH
984,POWW
985,POWL
986,POM
987,POLA
988,POL
989,PNTG
990,PNT
991,PNRG
992,PMVP
993,PMTS
994,PMD
995,PMCB
996,PLYM
997,PLXP
998,PLX
999,PLSE
1000,PLRX
1001,PLPC
1002,PLOW
1003,PLL
1004,PLCE
1005,PLBY
1006,PLBC
1007,PLAB
1008,PKOH
1009,PKE
1010,PKBK
1011,PIRS
1012,PINE
1013,PI
1014,PHX
1015,PHUN
1016,PHAT
1017,PGEN
1018,PGC
1019,PFSW
1020,PFMT
1021,PFIS
1022,PFIE
1023,PFHD
1024,PFC
1025,PFBC
1026,PEV
1027,PETS
1028,PETQ
1029,PESI
1030,PEPG
1031,PED
1032,PEBO
1033,PEBK
1034,PEAR
1035,PDSB
1036,PDLB
1037,PDFS
1038,PDEX
1039,PCYO
1040,PCYG
1041,PCTI
1042,PCSA
1043,PCB
1044,PBYI
1045,PBPB
1046,PBHC
1047,PBFS
1048,PBBK
1049,PAYS
1050,PAYA
1051,PAVM
1052,PASG
1053,PARR
1054,PANL
1055,PAHC
1056,PACK
1057,OXBR
1058,OWLT
1059,OVLY
1060,OVID
1061,OVBC
1062,OUST
1063,OTLK
1064,OSW
1065,OSUR
1066,OSS
1067,OSPN
1068,OSG
1069,OSBC
1070,ORRF
1071,ORN
1072,ORMP
1073,ORIC
1074,ORGS
1075,ORGN
1076,ORC
1077,OPY
1078,OPTT
1079,OPTN
1080,OPRX
1081,OPRT
1082,OPOF
1083,OPNT
1084,OPFI
1085,OPBK
1086,OOMA
1087,ONTF
1088,ONL
1089,ONEW
1090,ONDS
1091,ONCT
1092,OMQS
1093,OMIC
1094,OMGA
1095,OMEX
1096,OMER
1097,OLP
1098,OLMA
1099,OIS
1100,OIG
1101,OFIX
1102,OFED
1103,OESX
1104,ODC
1105,OCX
1106,OCUP
1107,OCUL
1108,OCN
1109,OCGN
1110,OCC
1111,OBT
1112,OBNK
1113,OB
1114,NYMX
1115,NYC
1116,NXTC
1117,NX
1118,NWPX
1119,NWLI
1120,NWFL
1121,NVVE
1122,NVOS
1123,NVNO
1124,NVEC
1125,NVCT
1126,NUVL
1127,NTWK
1128,NTST
1129,NTRB
1130,NTIP
1131,NTIC
1132,NTGR
1133,NSYS
1134,NSTS
1135,NSSC
1136,NRXP
1137,NRIX
1138,NRIM
1139,NREF
1140,NRDY
1141,NRDS
1142,NR
1143,NPK
1144,NPCE
1145,NOVN
1146,NOTV
1147,NODK
1148,NNOX
1149,NNBR
1150,NN
1151,NMRD
1152,NM
1153,NLTX
1154,NLS
1155,NL
1156,NKTX
1157,NKSH
1158,NINE
1159,NICK
1160,NIC
1161,NHWK
1162,NHTC
1163,NGVC
1164,NGS
1165,NGMS
1166,NFBK
1167,NEXT
1168,NEXI
1169,NETI
1170,NESR
1171,NECB
1172,NDLS
1173,NCSM
1174,NCMI
1175,NC
1176,NBSE
1177,NBN
1178,NAUT
1179,NATR
1180,NATH
1181,NAT
1182,NAII
1183,MYPS
1184,MYMD
1185,MYFW
1186,MYE
1187,MXCT
1188,MXC
1189,MVIS
1190,MVBF
1191,MULN
1192,MTW
1193,MTRX
1194,MTMT
1195,MTEX
1196,MTEM
1197,MSVB
1198,MSBI
1199,MRSN
1200,MRNS
1201,MRIN
1202,MRBK
1203,MRAM
1204,MPX
1205,MPTI
1206,MPB
1207,MPAA
1208,MOVE
1209,MOV
1210,MOFG
1211,MODD
1212,MOD
1213,MNTX
1214,MNTS
1215,MNSB
1216,MNOV
1217,MNKD
1218,MNDO
1219,MMMB
1220,MLVF
1221,MLSS
1222,MLR
1223,MLP
1224,ML
1225,MKUL
1226,MKTW
1227,MKFG
1228,MITT
1229,MITK
1230,MIRO
1231,MIRM
1232,MIMO
1233,MHLD
1234,MHH
1235,MGYR
1236,MGTX
1237,MGTA
1238,MGNX
1239,MGLD
1240,MGI
1241,MG
1242,MFIN
1243,METC
1244,MESA
1245,MEG
1246,MEC
1247,MDXG
1248,MDWT
1249,MDWD
1250,MDVL
1251,MDV
1252,MCS
1253,MCRI
1254,MCRB
1255,MCHX
1256,MCFT
1257,MCBS
1258,MCBC
1259,MCB
1260,MBWM
1261,MBRX
1262,MBOT
1263,MBIN
1264,MBI
1265,MBCN
1266,MAYS
1267,MASS
1268,MAPS
1269,MAIA
1270,MACK
1271,LYTS
1272,LYRA
1273,LYLT
1274,LXRX
1275,LXFR
1276,LWAY
1277,LVOX
1278,LVLU
1279,LUNG
1280,LUNA
1281,LUMO
1282,LUCD
1283,LTRY
1284,LTRX
1285,LTRPA
1286,LTRN
1287,LTCH
1288,LTBR
1289,LSEA
1290,LSBK
1291,LRMR
1292,LQDT
1293,LQDA
1294,LPTX
1295,LPTH
1296,LPG
1297,LPCN
1298,LOVE
1299,LODE
1300,LOCO
1301,LOCL
1302,LOAN
1303,LNSR
1304,LMST
1305,LMNR
1306,LMB
1307,LMAT
1308,LLAP
1309,LL
1310,LIVE
1311,LINK
1312,LIND
1313,LINC
1314,LIFE
1315,LIDR
1316,LHDX
1317,LGVN
1318,LGL
1319,LFVN
1320,LFT
1321,LFMD
1322,LFLY
1323,LFCR
1324,LEU
1325,LEGH
1326,LEE
1327,LE
1328,LCUT
1329,LCTX
1330,LCNB
1331,LBPH
1332,LBC
1333,LBAI
1334,LAZY
1335,LASR
1336,LARK
1337,LAND
1338,LAKE
1339,LABP
1340,LAB
1341,KZR
1342,KVHI
1343,KULR
1344,KTCC
1345,KRUS
1346,KRT
1347,KROS
1348,KRON
1349,KRMD
1350,KPTI
1351,KPLT
1352,KOSS
1353,KORE
1354,KOPN
1355,KOP
1356,KODK
1357,KOD
1358,KNTE
1359,KNSA
1360,KMPH
1361,KLXE
1362,KLTR
1363,KLR
1364,KIRK
1365,KINS
1366,KIDS
1367,KFS
1368,KFFB
1369,KEQU
1370,KELYA
1371,KE
1372,KDNY
1373,KBAL
1374,KALV
1375,JYNT
1376,JSPR
1377,JRSH
1378,JOUT
1379,JOAN
1380,JNCE
1381,JMSB
1382,JILL
1383,JANX
1384,JAKK
1385,IZEA
1386,IVVD
1387,IVR
1388,IVC
1389,IVAC
1390,ITOS
1391,ITIC
1392,ITI
1393,ISUN
1394,ISTR
1395,ISSC
1396,ISPO
1397,ISO
1398,ISDR
1399,IRON
1400,IRNT
1401,IRMD
1402,IRIX
1403,IPWR
1404,IPW
1405,IPSC
1406,IPI
1407,IOR
1408,INZY
1409,INVE
1410,INTZ
1411,INTT
1412,INTG
1413,INSW
1414,INSG
1415,INSE
1416,INOD
1417,INO
1418,INMB
1419,INKT
1420,INGN
1421,INFU
1422,INDT
1423,INDI
1424,INBX
1425,INBK
1426,INAB
1427,IMXI
1428,IMVT
1429,IMUX
1430,IMRX
1431,IMRA
1432,IMPL
1433,IMNM
1434,IMMR
1435,IMGN
1436,IMBI
1437,IKNA
1438,IIIV
1439,IIIN
1440,III
1441,IGMS
1442,IESC
1443,IE
1444,IDYA
1445,IDT
1446,IDR
1447,IDN
1448,IDAI
1449,ID
1450,ICVX
1451,ICPT
1452,ICHR
1453,ICD
1454,ICCH
1455,ICCC
1456,ICAD
1457,IBEX
1458,IBCP
1459,HZO
1460,HZN
1461,HYZN
1462,HYPR
1463,HYMC
1464,HYLN
1465,HYFM
1466,HY
1467,HWKN
1468,HWBK
1469,HVT
1470,HVBC
1471,HUSA
1472,HURC
1473,HUMA
1474,HTBK
1475,HTBI
1476,HT
1477,HSTM
1478,HSON
1479,HSII
1480,HSC
1481,HRTX
1482,HRTG
1483,HROW
1484,HQI
1485,HOWL
1486,HOV
1487,HOOK
1488,HONE
1489,HOFT
1490,HNVR
1491,HNST
1492,HNRG
1493,HNNA
1494,HMST
1495,HMPT
1496,HMNF
1497,HLX
1498,HLVX
1499,HLIT
1500,HLGN
1501,HLBZ
1502,HIPO
1503,HIMS
1504,HIFS
1505,HIBB
1506,HHS
1507,HGEN
1508,HGBL
1509,HFFG
1510,HFBL
1511,HEPA
1512,HEAR
1513,HDSN
1514,HCWB
1515,HCKT
1516,HCI
1517,HCDI
1518,HCCI
1519,HBT
1520,HBNC
1521,HBIO
1522,HBCP
1523,HBB
1524,HAYN
1525,HARP
1526,HALL
1527,HAFC
1528,GWRS
1529,GWH
1530,GVP
1531,GTIM
1532,GTHX
1533,GTBP
1534,GSIT
1535,GSBC
1536,GRWG
1537,GRTX
1538,GRTS
1539,GRPN
1540,GRPH
1541,GREE
1542,GRBK
1543,GPMT
1544,GOSS
1545,GORO
1546,GOOD
1547,GNTY
1548,GNSS
1549,GNPX
1550,GNK
1551,GNE
1552,GMRE
1553,GMGI
1554,GMDA
1555,GLUE
1556,GLT
1557,GLSI
1558,GLS
1559,GLRE
1560,GLDD
1561,GLBZ
1562,GIFI
1563,GHM
1564,GHL
1565,GEVO
1566,GERN
1567,GEOS
1568,GEO
1569,GENC
1570,GEG
1571,GDYN
1572,GDEN
1573,GCO
1574,GCI
1575,GCBC
1576,GBIO
1577,GATO
1578,GANX
1579,GAN
1580,GAMB
1581,GALT
1582,GAIA
1583,GABC
1584,FXNC
1585,FXLV
1586,FWRG
1587,FVCB
1588,FUV
1589,FUSB
1590,FUNC
1591,FULC
1592,FUBO
1593,FTK
1594,FTHM
1595,FTEK
1596,FTCI
1597,FSTR
1598,FSP
1599,FSI
1600,FSFG
1601,FSEA
1602,FSBW
1603,FSBC
1604,FRX
1605,FRST
1606,FRPH
1607,FRGI
1608,FREQ
1609,FREE
1610,FRD
1611,FRBK
1612,FRBA
1613,FRAF
1614,FPI
1615,FOSL
1616,FORR
1617,FORA
1618,FOR
1619,FONR
1620,FOA
1621,FNWD
1622,FNWB
1623,FNLC
1624,FNKO
1625,FNGR
1626,FNCH
1627,FNCB
1628,FMNB
1629,FMBH
1630,FMAO
1631,FLXS
1632,FLWS
1633,FLUX
1634,FLNT
1635,FLL
1636,FLIC
1637,FKWL
1638,FIXX
1639,FISI
1640,FINW
1641,FHTX
1642,FGH
1643,FGBI
1644,FFWM
1645,FFNW
1646,FFIE
1647,FFIC
1648,FFBW
1649,FF
1650,FET
1651,FEIM
1652,FEAM
1653,FDMT
1654,FDBC
1655,FCUV
1656,FCCO
1657,FCBC
1658,FCAP
1659,FC
1660,FBRT
1661,FBMS
1662,FBIZ
1663,FBIO
1664,FATH
1665,FATBB
1666,FAT
1667,FARO
1668,FARM
1669,EZPW
1670,EYPT
1671,EYEN
1672,EXPR
1673,EWTX
1674,EVLV
1675,EVLO
1676,EVI
1677,EVER
1678,EVC
1679,EVBN
1680,ETON
1681,ETNB
1682,ETD
1683,ESSA
1684,ESQ
1685,ESPR
1686,ESP
1687,ESOA
1688,ESCA
1689,ERNA
1690,ERII
1691,EQBK
1692,EQ
1693,EPSN
1694,EPM
1695,EP
1696,EOSE
1697,EOLS
1698,ENZ
1699,ENVA
1700,ENSV
1701,ENOB
1702,ENG
1703,EML
1704,EMKR
1705,ELYM
1706,ELVT
1707,ELMD
1708,ELEV
1709,ELDN
1710,ELA
1711,EIGR
1712,EHTH
1713,EGY
1714,EGRX
1715,EGLE
1716,EGIO
1717,EGAN
1718,EFTR
1719,EFR
1720,EFC
1721,EEX
1722,EDUC
1723,ECBK
1724,EBTC
1725,EBMT
1726,EBF
1727,EBET
1728,EARN
1729,EAR
1730,DZSI
1731,DYN
1732,DYAI
1733,DXYN
1734,DXPE
1735,DXLG
1736,DX
1737,DWSN
1738,DVAX
1739,DTIL
1740,DTC
1741,DSP
1742,DSKE
1743,DSGR
1744,DSGN
1745,DRIO
1746,DRCT
1747,DPSI
1748,DOUG
1749,DOMA
1750,DO
1751,DNMR
1752,DMTK
1753,DMS
1754,DMRC
1755,DMAC
1756,DLTH
1757,DLHC
1758,DLA
1759,DJCO
1760,DIT
1761,DICE
1762,DIBS
1763,DHX
1764,DHIL
1765,DHC
1766,DGLY
1767,DGII
1768,DGICA
1769,DFIN
1770,DERM
1771,DENN
1772,DCTH
1773,DCPH
1774,DCOM
1775,DCO
1776,DCGO
1777,DC
1778,DBTX
1779,DBD
1780,DAWN
1781,DATS
1782,DARE
1783,DALN
1784,DAKT
1785,CZWI
1786,CZNC
1787,CYT
1788,CYN
1789,CXDO
1790,CWCO
1791,CWBC
1792,CVV
1793,CVRX
1794,CVM
1795,CVLY
1796,CVLG
1797,CVGW
1798,CVGI
1799,CVCY
1800,CUTR
1801,CURV
1802,CURO
1803,CURI
1804,CULP
1805,CULL
1806,CUE
1807,CTXR
1808,CTV
1809,CTSO
1810,CTS
1811,CTRN
1812,CTO
1813,CTMX
1814,CTLP
1815,CTIC
1816,CTHR
1817,CTG
1818,CTBI
1819,CSV
1820,CSTR
1821,CSTL
1822,CSTE
1823,CSSE
1824,CSPI
1825,CSII
1826,CSBR
1827,CRWS
1828,CRVS
1829,CRNX
1830,CRMT
1831,CRMD
1832,CRIS
1833,CRGE
1834,CRDF
1836,CRBU
1837,CRAI
1838,CPTN
1839,CPSS
1840,CPSI
1841,CPSH
1842,CPS
1843,CPRX
1844,CPIX
1845,CPHC
1846,CPF
1847,COWN
1848,CORR
1849,COOK
1850,CONN
1851,COLL
1852,COGT
1853,COFS
1854,CODX
1855,CODA
1856,COCO
1857,CNTY
1858,CNSL
1859,CNOB
1860,CNNB
1861,CNCE
1862,CMTL
1863,CMT
1864,CMRX
1865,CMPX
1866,CMPO
1867,CMLS
1868,CMCT
1869,CMCO
1870,CMCL
1871,CMBM
1872,CMAX
1873,CLW
1874,CLVR
1875,CLST
1876,CLSK
1877,CLSD
1878,CLPT
1879,CLPR
1880,CLNN
1881,CLMB
1882,CLIR
1883,CLFD
1884,CLDX
1885,CLDT
1886,CLAR
1887,CKPT
1888,CIZN
1889,CIX
1890,CIVB
1891,CISO
1892,CIR
1893,CIO
1894,CINC
1895,CIFR
1896,CIA
1897,CHUY
1898,CHS
1899,CHRS
1900,CHRA
1901,CHMI
1902,CHMG
1903,CHEF
1904,CHCI
1905,CGTX
1906,CGRN
1907,CGEM
1908,CFSB
1909,CFRX
1910,CFFI
1911,CFBK
1912,CFB
1913,CEVA
1914,CENN
1915,CELC
1916,CECO
1917,CDZI
1918,CDXS
1919,CDXC
1920,CDRE
1921,CDMO
1923,CCRN
1924,CCRD
1925,CCO
1926,CCNE
1927,CCLD
1928,CCEL
1929,CCCC
1930,CCBG
1931,CCB
1932,CBNK
1933,CBL
1934,CBFV
1935,CBAY
1936,CBAN
1937,CATO
1938,CATC
1939,CASS
1940,CASA
1941,CARV
1942,CARS
1943,CARE
1944,CARA
1945,CAPR
1946,CAMP
1947,CALB
1948,CAL
1949,CADL
1950,CAC
1951,CABA
1952,BZH
1953,BYSI
1954,BYRN
1955,BYFC
1956,BY
1957,BXC
1958,BWV
1959,BWMN
1960,BWFG
1961,BWEN
1962,BWB
1963,BW
1964,BVS
1965,BVH
1966,BTTX
1967,BTTR
1968,BTCY
1969,BTCS
1970,BTBT
1971,BTAI
1972,BSVN
1973,BSRR
1974,BSFC
1975,BSET
1976,BSBK
1977,BRY
1978,BRT
1979,BRID
1980,BRFH
1981,BRDS
1982,BRBS
1983,BPRN
1984,BOXL
1985,BOXD
1986,BOTJ
1987,BORR
1988,BOOM
1989,BOLT
1990,BODY
1991,BOC
1992,BNGO
1993,BNFT
1994,BNED
1995,BMTX
1996,BMRC
1997,BMRA
1998,BMEA
1999,BLX
2000,BLUE
2001,BLNK
2002,BLND
2004,BLFY
2005,BLFS
2006,BLDE
2007,BLBX
2008,BLBD
2009,BKTI
2010,BKSY
2011,BKSC
2012,BKKT
2013,BJRI
2014,BIVI
2015,BIRD
2016,BHR
2017,BHM
2018,BHIL
2019,BHB
2020,BH
2021,BGSF
2022,BGRY
2023,BGFV
2024,BFST
2025,BFRI
2026,BFLY
2027,BFIN
2028,BFI
2029,BFC
2030,BELFB
2031,BEEM
2032,BDTX
2033,BDSX
2034,BDL
2035,BCOW
2036,BCOV
2037,BCOR
2038,BCML
2039,BCLI
2040,BCEL
2041,BCBP
2042,BCAB
2043,BBW
2044,BBSI
2045,BBLN
2046,BBIG
2047,BBGI
2048,BBCP
2049,BATL
2050,BASE
2051,BARK
2052,BAND
2053,BAFN
2054,AZYO
2055,AYRO
2056,AXTI
2057,AXR
2058,AXLA
2059,AXGN
2060,AXDX
2061,AWRE
2062,AVYA
2063,AVXL
2064,AVTE
2065,AVRO
2066,AVPT
2067,AVNW
2068,AVIR
2069,AVID
2070,AVD
2071,AVAH
2072,AURA
2073,AUID
2074,AUGX
2075,AUD
2076,AUBN
2077,ATXS
2078,ATRO
2079,ATRA
2080,ATOS
2081,ATOM
2082,ATNM
2083,ATNI
2084,ATNF
2085,ATLO
2086,ATLC
2087,ATIP
2088,ATHA
2089,ATEX
2090,ATER
2091,ATEN
2092,ATEC
2093,ATCX
2094,ASYS
2095,ASUR
2096,ASTR
2097,ASRV
2098,ASRT
2099,ASPS
2100,ASPN
2101,ASMB
2102,ASLE
2103,ASIX
2104,ASC
2105,ARTNA
2106,ARR
2107,AROW
2108,ARMP
2109,ARLO
2110,ARL
2111,ARKR
2112,ARIS
2113,AREN
2114,AREC
2115,ARCT
2116,ARC
2117,ARAY
2118,ARAV
2119,AQST
2120,AQMS
2121,AQB
2122,APYX
2123,APTX
2124,APT
2125,APRN
2126,APPH
2127,APLT
2128,APLD
2129,APEN
2130,APEI
2131,AP
2132,AOUT
2133,AOSL
2134,AORT
2135,AOMR
2136,ANVS
2137,ANTX
2138,ANNX
2139,ANIX
2140,ANIP
2141,ANIK
2142,ANGO
2143,ANGN
2144,ANEB
2145,ANAB
2146,AMTX
2147,AMTI
2148,AMTB
2149,AMSWA
2150,AMSC
2151,AMRK
2152,AMPY
2153,AMPS
2154,AMOT
2155,AMNB
2156,AMLX
2157,AMBC
2158,AMAL
2159,ALXO
2160,ALVR
2161,ALTO
2162,ALTG
2163,ALT
2164,ALRS
2165,ALR
2166,ALPN
2167,ALOT
2168,ALLK
2169,ALIM
2170,ALGS
2171,ALEC
2172,ALDX
2173,ALCO
2174,ALBO
2175,AKYA
2176,AKU
2177,AKTS
2178,AKRO
2179,AKA
2180,AJX
2181,AIRT
2182,AIRS
2183,AIRG
2184,AIP
2185,AINC
2186,AIM
2187,AHT
2188,AGYS
2189,AGX
2190,AGS
2191,AGM
2192,AGLE
2193,AGIL
2194,AGFY
2195,AGFS
2196,AGEN
2197,AGAE
2198,AFMD
2199,AFCG
2200,AFBI
2201,AEYE
2202,AEVA
2203,AEHR
2204,AE
2205,ADVM
2206,ADTH
2207,ADN
2208,ADMA
2209,ADIL
2210,ADES
2211,ACXP
2212,ACU
2213,ACTG
2214,ACRS
2215,ACRE
2216,ACR
2217,ACNT
2218,ACNB
2219,ACMR
2220,ACLX
2221,ACHR
2222,ACET
2223,ACER
2224,ACCO
2225,ACCD
2226,AC
2227,ABVC
2228,ABUS
2229,ABSI
2230,ABOS
2231,ABIO
2232,AAOI
2233,AAN
2234,AAME
2235,AAIC
2236,AADI
2237,2218107D
2238,1835589D
2239,1722562D
2240,1705040D
2711,AME
2745,WU
2752,WCN
2757,VMW
2760,UHAL
2762,TW
2771,SGEN
2792,NBIX
2807,LNG
2812,LBTYK
2813,LBRDK
2815,KNX
2829,HZNP
2844,FHN
2849,ERIE
2860,DELL
2880,BMRN
2881,BKI
2884,BAH
2889,ARW
2898,AFG
